Site.Code,CT.mean,CT.median,CT.mode
BBS,33,30,27
BCI,34,32,30
BIF,43,37,31
CAX,34,33,31
COU,48,46,43
KRP,37,34,31
MAS,35,34,32
NNN,46,43,38
PSH,42,39,36
RNF,18,17,16
UDZ,46,42,36
VB-,30,28,24
YAN,30,28,27
YAS,46,44,41
